Exited,NumberOfCustomers,AvgCreditScore,AvgAge,AvgTenure,AvgBalance,AvgNumOfProducts,PctActiveMembers,AvgEstimatedSalary,AVG(complain)
1,2038,645.4146,44.8356,4.9347,91109.47600588808,1.4755,0.3606,101509.90878312073,0.9980
0,7962,651.8379,37.4081,5.0328,72742.75066314971,1.5442,0.5546,99726.85314117045,0.0013
