"Card Type",scaled_Customers,scaled_Salary,scaled_Balance,scaled_CreditScore,scaled_Tenure,scaled_NumOfProducts,scaled_ActiveMembers,scaled_Exited
DIAMOND,1.0000,0,1,0.68939616,0.58188825,0.00000000,0.00000000,1.00000000
GOLD,0.5833,0.7890091397574258,0.4837838946790024,1.00000000,1.00000000,0.25692695,1.00000000,0.00000000
SILVER,0.0833,1,0,0.53371501,0.83686577,0.64231738,0.89115646,0.33730159
PLATINUM,0.0000,0.6513200432039986,0.27031586109431216,0.00000000,0.00000000,1.00000000,0.78911565,0.43650794
