"Card Type",NumberOfCustomers,AverageBalance,TotalChurned,ChurnRate
DIAMOND,2507,79120.01715596321,546,0.2178
GOLD,2502,76695.36204236602,482,0.1926
SILVER,2496,74423.04027243596,502,0.2011
PLATINUM,2495,75692.70762324671,508,0.2036
